{"acc_top1": 0.9736842105263158, "acc_top5": 0.9736842105263158}