{"acc_top1": 0.8888888888888888, "acc_top5": 0.8888888888888888}