{"acc_top1": 0.3333333333333333, "acc_top5": 0.3333333333333333}