{"acc_top1": 0.4444444444444444, "acc_top5": 0.4444444444444444}